,clusters
0,4
1,4
2,4
3,6
4,4
5,4
6,10
7,6
8,8
9,5
10,7
11,9
12,5
13,4
14,0
15,8
16,4
17,4
18,9
19,7
20,5
21,7
22,4
23,1
24,1
25,12
26,12
27,12
28,12
29,12
30,12
31,12
32,12
33,12
34,12
35,12
36,12
37,12
38,12
39,12
40,12
41,12
42,5
43,5
44,7
45,7
46,7
47,8
48,8
49,4
50,6
51,8
52,3
53,3
54,3
55,3
56,9
57,4
58,7
59,7
60,7
61,5
62,8
63,7
64,11
65,9
66,11
67,11
68,0
69,0
70,9
71,4
72,11
73,11
74,4
75,6
76,4
77,4
78,4
79,4
80,2
81,12
82,12
83,12
84,12
85,12
86,12
87,12
88,12
89,12
90,11
91,6
92,7
93,6
94,2
95,7
96,6
97,4
98,7
99,7
100,4
101,10
102,1
103,1
104,1
105,6
106,11
107,11
108,9
109,8
110,6
111,7
112,8
113,8
114,4
115,12
116,4
117,6
118,6
119,4
120,4
121,6
122,3
123,3
124,7
125,10
126,7
127,4
128,7
129,10
130,6
131,4
132,9
133,9
134,12
135,4
136,7
137,4
138,6
139,8
140,8
141,8
142,8
143,8
144,11
145,8
146,10
147,8
148,8
149,8
150,8
151,9
152,8
153,8
154,8
155,8
156,6
157,9
158,6
159,6
160,10
161,7
162,9
163,7
164,4
165,11
166,9
167,2
168,7
169,6
170,10
171,7
172,7
173,12
174,12
175,7
176,4
177,3
178,9
179,6
180,3
181,3
182,3
183,6
184,6
185,6
186,6
187,4
188,12
189,7
190,4
191,9
192,6
193,4
194,11
195,4
196,8
197,4
198,4
199,0
200,8
201,4
202,3
203,3
204,3
205,3
206,3
207,3
208,3
209,3
210,3
211,10
212,4
213,6
214,8
215,8
216,4
217,4
218,9
219,12
220,7
221,9
222,6
223,6
224,6
225,6
226,6
227,6
228,6
229,6
230,6
231,6
232,11
233,4
234,9
235,7
236,8
237,10
238,4
239,4
240,4
241,5
242,4
243,4
244,9
245,11
246,4
247,4
248,4
249,7
250,8
251,8
252,4
253,9
254,9
255,7
256,10
257,5
258,5
259,9
260,4
261,5
262,2
263,9
264,4
265,5
266,10
267,4
268,10
269,6
270,9
271,9
272,8
273,8
274,4
275,4
276,9
277,12
278,5
279,5
280,4
281,5
282,5
283,6
284,6
285,6
286,12
287,4
288,1
289,1
290,1
291,5
292,5
293,5
294,9
295,6
296,6
297,7
298,9
299,6
300,4
301,4
302,11
303,4
304,4
305,6
306,8
307,8
308,8
309,8
310,8
311,8
312,8
313,8
314,7
315,10
316,4
317,10
318,10
319,5
320,10
321,10
322,4
323,4
324,9
325,9
326,6
327,4
328,6
329,11
330,4
331,4
332,3
333,3
334,3
335,3
336,3
337,10
338,11
339,9
340,6
341,11
342,6
343,5
344,10
345,4
346,10
347,9
348,8
349,8
350,8
351,4
352,10
353,4
354,4
355,5
356,6
357,8
358,8
359,8
360,9
361,10
362,6
363,4
364,4
365,4
366,4
367,4
368,6
369,4
370,4
371,9
372,6
373,2
374,10
375,6
376,1
377,1
378,1
379,3
380,3
381,3
382,3
383,9
384,12
385,10
386,4
387,6
388,9
389,4
390,8
391,11
392,11
393,6
394,4
395,4
396,4
397,9
398,5
399,10
400,10
401,4
402,10
403,3
404,3
405,3
406,3
407,3
408,3
409,3
410,7
411,6
412,6
413,9
414,0
415,10
416,7
417,7
418,7
419,10
420,11
421,11
422,11
423,4
424,4
425,4
426,4
427,11
428,4
429,4
430,4
431,4
432,9
433,8
434,4
435,4
436,5
437,7
438,1
439,1
440,1
441,1
442,1
443,1
444,6
445,4
446,11
447,8
448,8
449,7
450,12
451,12
452,6
453,6
454,6
455,6
456,6
457,6
458,6
459,6
460,4
461,6
462,7
463,10
464,11
465,11
466,11
467,4
468,4
469,4
470,4
471,4
472,4
473,9
474,8
475,4
476,5
477,10
478,10
479,3
480,1
481,4
482,4
483,4
484,3
485,3
486,3
487,3
488,1
489,1
490,1
491,4
492,4
493,3
494,3
495,3
496,3
497,1
498,1
499,1
500,4
501,4
502,5
503,5
504,9
505,6
506,6
507,8
508,8
509,1
510,1
511,1
512,4
513,9
514,4
515,7
516,11
517,11
518,11
519,4
520,4
521,4
522,4
523,4
524,4
525,9
526,8
527,4
528,5
529,4
530,9
531,7
532,9
533,6
534,7
535,4
536,5
537,10
538,4
539,10
540,5
541,12
542,6
543,4
544,4
545,3
546,3
547,3
548,3
549,1
550,1
551,10
552,5
553,4
554,4
555,4
556,3
557,3
558,3
559,3
560,1
561,1
562,6
563,10
564,6
565,8
566,8
567,6
568,12
569,6
570,10
571,4
572,12
573,12
574,12
575,12
576,12
577,12
578,12
579,12
580,12
581,12
582,4
583,11
584,10
585,10
586,12
587,10
588,1
589,1
590,1
591,10
592,10
593,7
594,7
595,11
596,7
597,3
598,3
599,3
600,3
601,3
602,10
603,6
604,11
605,5
606,7
607,12
608,12
609,12
610,12
611,12
612,12
613,12
614,12
615,12
616,12
617,12
618,12
619,12
620,12
621,12
622,7
623,5
624,7
625,4
626,3
627,3
628,6
629,6
630,6
631,11
632,11
633,11
634,7
635,6
636,7
637,7
638,7
639,10
640,12
641,12
642,12
643,12
644,12
645,7
646,7
647,5
648,0
649,0
650,1
651,1
652,1
653,1
654,7
655,7
656,1
657,1
658,1
659,1
660,8
661,8
662,10
663,10
664,7
665,4
666,10
667,3
668,3
669,3
670,3
671,3
672,6
673,11
674,7
675,12
676,12
677,12
678,12
679,12
680,3
681,3
682,3
683,3
684,3
685,9
686,11
687,6
688,4
689,6
690,4
691,4
692,9
693,11
694,6
695,6
696,6
697,6
698,6
699,6
700,4
701,4
702,11
703,12
704,12
705,12
706,12
707,12
708,12
709,12
710,12
711,12
712,5
713,4
714,10
715,4
716,12
717,12
718,12
719,12
720,12
721,12
722,12
723,12
724,12
725,9
726,7
727,6
728,11
729,11
730,6
731,9
732,9
733,7
734,10
735,5
736,10
737,10
738,4
739,4
740,12
741,7
742,11
743,4
744,4
745,4
746,8
747,10
748,10
749,11
750,11
751,0
752,4
753,4
754,7
755,7
756,4
757,0
758,1
759,1
760,1
761,6
762,6
763,4
764,7
765,6
766,7
767,10
768,11
769,4
770,11
771,7
772,8
773,10
774,6
775,6
776,10
777,10
778,8
779,4
780,6
781,3
782,6
783,6
784,6
785,4
786,4
787,6
788,6
789,6
790,6
791,6
792,6
793,11
794,7
795,7
796,7
797,6
798,4
799,6
800,10
801,4
802,6
803,6
804,10
805,7
806,7
807,8
808,4
809,6
810,9
811,4
812,10
813,4
814,4
815,9
816,1
817,1
818,1
819,4
820,4
821,9
822,9
823,12
824,4
825,7
826,6
827,1
828,1
829,1
830,12
831,12
832,12
833,12
834,12
835,12
836,12
837,12
838,12
839,12
840,12
841,7
842,6
843,4
844,10
845,4
846,6
847,10
848,10
849,5
850,5
851,4
852,9
853,8
854,12
855,9
856,4
857,7
858,11
859,10
860,4
861,7
862,7
863,7
864,4
865,4
866,4
867,4
868,5
869,5
870,7
871,6
872,6
873,4
874,12
875,7
876,4
877,0
878,10
879,9
880,5
881,8
882,6
883,6
884,6
885,6
886,4
887,10
888,4
889,4
890,10
891,10
892,7
893,7
894,12
895,10
896,10
897,10
898,10
899,10
900,10
901,10
902,10
903,10
904,10
905,7
906,3
907,3
908,3
909,4
910,4
911,6
912,6
913,6
914,6
915,6
916,6
917,4
918,11
919,4
920,6
921,4
922,4
923,4
924,0
925,11
926,8
927,7
928,2
929,6
930,4
931,7
932,10
933,3
934,3
935,3
936,3
937,3
938,1
939,10
940,8
941,4
942,4
943,4
944,4
945,8
946,6
947,6
948,6
949,6
950,6
951,3
952,4
953,4
954,4
955,4
956,6
957,11
958,11
959,2
960,2
961,4
962,9
963,9
964,9
965,12
966,9
967,10
968,4
969,3
970,3
971,3
972,3
973,3
974,4
975,4
976,4
977,4
978,4
979,4
980,3
981,3
982,3
983,8
984,12
985,7
986,10
987,6
988,6
989,6
990,10
991,10
992,6
993,7
994,10
995,9
996,9
997,10
998,9
999,7
1000,7
1001,11
1002,11
1003,6
1004,5
1005,0
1006,9
1007,10
1008,7
1009,10
1010,10
1011,7
1012,9
1013,4
1014,9
1015,8
1016,8
1017,8
1018,5
1019,7
1020,10
1021,10
1022,6
1023,11
1024,4
1025,4
1026,4
1027,4
1028,7
1029,12
1030,3
1031,3
1032,3
1033,4
1034,4
1035,11
1036,2
1037,4
1038,8
1039,8
1040,12
1041,6
1042,0
1043,2
1044,7
1045,2
1046,2
1047,2
1048,9
1049,4
1050,9
1051,12
1052,4
1053,9
1054,2
1055,10
1056,7
1057,10
1058,7
1059,8
1060,4
1061,4
1062,6
1063,6
1064,6
1065,6
1066,11
1067,10
1068,10
1069,4
1070,4
1071,6
1072,4
1073,4
1074,4
1075,4
1076,4
1077,8
1078,6
1079,3
1080,3
1081,3
1082,3
1083,3
1084,10
1085,6
1086,8
1087,5
1088,9
1089,6
1090,7
1091,2
1092,4
1093,4
1094,10
1095,4
1096,4
1097,4
1098,7
1099,9
1100,9
1101,9
1102,4
1103,5
1104,8
1105,4
1106,4
1107,4
1108,7
1109,4
1110,11
1111,6
1112,6
1113,0
1114,7
1115,7
1116,7
1117,4
1118,4
1119,5
1120,2
1121,4
1122,7
1123,7
1124,8
1125,5
1126,4
1127,7
1128,5
1129,8
1130,2
1131,10
1132,9
1133,2
1134,9
1135,2
1136,2
1137,12
1138,2
1139,2
1140,10
1141,7
1142,11
1143,2
1144,11
1145,10
1146,10
1147,7
1148,0
1149,5
1150,6
1151,10
1152,4
1153,6
1154,9
1155,5
1156,10
1157,8
1158,4
1159,6
1160,9
1161,5
1162,4
1163,9
1164,10
1165,9
1166,4
1167,9
1168,7
1169,7
1170,11
1171,4
1172,5
1173,11
1174,10
1175,5
1176,6
1177,12
1178,6
1179,4
1180,7
1181,6
1182,4
1183,10
1184,11
1185,4
1186,9
1187,12
1188,11
1189,7
1190,2
1191,4
1192,9
1193,8
1194,6
1195,12
1196,9
1197,7
1198,6
1199,4
1200,8
1201,4
1202,4
1203,7
1204,4
1205,9
1206,2
1207,6
1208,6
1209,9
1210,10
1211,9
1212,9
1213,6
1214,7
1215,7
1216,2
1217,6
1218,4
1219,9
1220,2
1221,10
1222,6
1223,5
1224,6
1225,5
1226,12
1227,6
1228,4
1229,4
1230,9
1231,11
1232,4
1233,9
1234,3
1235,3
1236,12
1237,12
1238,3
1239,4
1240,7
1241,10
1242,9
1243,4
1244,10
1245,5
1246,11
1247,6
1248,5
1249,6
1250,6
1251,6
1252,4
1253,11
1254,4
1255,7
1256,6
1257,4
1258,12
1259,11
1260,6
1261,6
1262,7
1263,11
1264,6
1265,2
1266,4
1267,12
1268,6
1269,6
1270,2
1271,10
1272,0
1273,4
1274,7
1275,10
1276,4
1277,9
1278,7
1279,2
1280,11
1281,6
1282,11
1283,6
1284,11
1285,4
1286,10
1287,2
1288,6
1289,6
1290,7
1291,4
1292,11
1293,7
1294,6
1295,5
1296,6
1297,7
1298,0
1299,6
1300,11
1301,4
1302,4
1303,7
1304,5
1305,7
1306,4
1307,10
1308,2
1309,4
1310,5
1311,7
1312,10
1313,6
1314,6
1315,5
1316,12
1317,9
1318,6
1319,4
1320,2
1321,2
1322,10
1323,7
1324,10
1325,4
1326,5
1327,8
1328,4
1329,4
1330,6
1331,7
1332,10
1333,6
1334,4
1335,6
1336,10
1337,6
1338,7
1339,4
1340,4
1341,9
1342,7
1343,6
1344,8
1345,9
1346,9
1347,0
1348,7
1349,7
1350,4
1351,4
1352,7
1353,6
1354,6
1355,7
1356,4
1357,4
1358,4
1359,7
1360,4
1361,7
1362,7
1363,7
1364,7
1365,7
1366,4
1367,10
1368,7
1369,7
1370,7
1371,10
1372,10
1373,10
1374,8
1375,6
1376,10
1377,7
1378,7
1379,11
1380,4
1381,6
1382,6
1383,11
1384,11
1385,10
1386,4
1387,7
1388,7
1389,10
1390,4
1391,6
1392,4
1393,7
1394,7
1395,6
1396,9
1397,4
1398,6
1399,10
1400,6
1401,6
1402,6
1403,10
1404,4
1405,4
1406,10
1407,7
1408,4
1409,9
1410,6
1411,10
1412,0
1413,0
1414,4
1415,6
1416,10
1417,7
1418,5
1419,6
1420,7
1421,2
1422,7
1423,7
1424,4
1425,0
1426,9
1427,6
1428,6
1429,7
1430,9
1431,6
1432,7
1433,4
1434,4
1435,6
1436,7
1437,7
1438,7
1439,7
1440,6
1441,4
1442,7
1443,7
1444,7
1445,9
1446,11
1447,10
1448,4
1449,7
1450,11
1451,11
1452,4
1453,6
1454,6
1455,4
1456,7
1457,11
1458,7
1459,6
1460,7
1461,4
1462,11
1463,2
1464,6
1465,7
1466,12
1467,12
1468,0
1469,4
1470,11
1471,3
1472,3
1473,3
1474,3
1475,3
1476,3
1477,3
1478,4
1479,7
1480,7
1481,4
1482,6
1483,7
1484,7
1485,5
1486,10
1487,10
1488,3
1489,3
1490,3
1491,3
1492,3
1493,3
1494,3
1495,3
1496,3
1497,3
1498,4
1499,10
1500,3
1501,3
1502,3
1503,12
1504,9
1505,10
1506,7
1507,11
1508,11
1509,4
1510,9
1511,11
1512,8
1513,4
1514,7
1515,10
1516,12
1517,12
1518,4
1519,5
1520,4
1521,5
1522,10
1523,10
1524,12
1525,2
1526,9
1527,9
1528,6
1529,4
1530,9
1531,4
1532,6
1533,4
1534,6
1535,4
1536,11
1537,10
1538,6
1539,6
1540,3
1541,3
1542,3
1543,3
1544,4
1545,7
1546,4
1547,3
1548,3
1549,3
1550,9
1551,4
1552,7
1553,0
1554,9
1555,5
1556,4
1557,9
1558,6
1559,0
1560,4
1561,10
1562,7
1563,4
1564,4
1565,6
1566,4
1567,8
1568,4
1569,5
1570,8
1571,9
1572,3
1573,3
1574,11
1575,11
1576,4
1577,1
1578,1
1579,12
1580,4
1581,4
1582,7
1583,5
1584,4
1585,4
1586,5
1587,8
1588,4
1589,11
1590,10
1591,12
1592,12
1593,4
1594,10
1595,10
1596,7
1597,11
1598,6
1599,6
1600,4
1601,10
1602,3
1603,3
1604,3
1605,3
1606,7
1607,9
1608,3
1609,10
1610,7
1611,9
1612,4
1613,10
1614,9
1615,5
1616,6
1617,4
1618,6
1619,6
1620,4
1621,10
1622,10
1623,10
1624,4
1625,5
1626,9
1627,11
1628,9
1629,9
1630,4
1631,6
1632,7
1633,10
1634,4
1635,8
1636,12
1637,9
1638,10
1639,3
1640,3
1641,3
1642,4
1643,12
1644,4
1645,4
1646,4
1647,6
1648,2
1649,5
1650,8
1651,11
1652,7
1653,6
1654,3
1655,3
1656,3
1657,3
1658,3
1659,3
1660,3
1661,3
1662,3
1663,3
1664,3
1665,3
1666,6
1667,2
1668,10
1669,4
1670,6
1671,9
1672,6
1673,2
1674,12
1675,4
1676,9
1677,3
1678,3
1679,3
1680,11
1681,10
1682,9
1683,3
1684,3
1685,3
1686,3
1687,3
1688,3
1689,10
1690,6
1691,12
1692,12
1693,4
1694,12
1695,10
1696,4
1697,4
1698,10
1699,4
1700,4
1701,6
1702,10
1703,6
1704,7
1705,4
1706,7
1707,8
1708,8
1709,3
1710,6
1711,11
1712,10
1713,4
1714,4
1715,3
1716,3
1717,3
1718,3
1719,3
1720,10
1721,10
1722,4
1723,9
1724,6
1725,12
1726,8
1727,8
1728,6
1729,11
1730,11
1731,12
1732,7
1733,7
1734,9
1735,4
1736,9
1737,7
1738,10
1739,12
1740,3
1741,10
1742,10
1743,3
1744,3
1745,3
1746,3
1747,3
1748,3
1749,3
1750,10
1751,7
1752,4
1753,3
1754,3
1755,3
1756,3
1757,3
1758,3
1759,3
1760,10
1761,10
1762,8
1763,8
1764,7
1765,4
1766,12
1767,7
1768,12
1769,0
1770,9
1771,7
1772,4
1773,4
1774,4
1775,12
1776,7
1777,10
1778,10
1779,7
1780,0
1781,6
1782,4
1783,10
1784,9
1785,4
1786,11
1787,3
1788,5
1789,0
1790,10
1791,8
1792,7
1793,12
1794,4
1795,10
1796,4
1797,3
1798,12
1799,2
1800,4
1801,7
1802,10
1803,3
1804,5
1805,7
1806,4
1807,6
1808,7
1809,11
1810,3
1811,4
1812,4
1813,7
1814,7
1815,4
1816,4
1817,10
1818,7
1819,3
1820,10
1821,10
1822,3
1823,3
1824,4
1825,7
1826,8
1827,3
1828,3
1829,10
1830,10
1831,4
1832,9
1833,4
1834,5
1835,3
1836,6
1837,4
1838,10
1839,10
1840,9
1841,9
1842,9
1843,6
1844,3
1845,3
1846,3
1847,1
1848,1
1849,1
1850,1
1851,1
1852,1
1853,1
1854,9
1855,8
1856,7
1857,1
1858,1
1859,1
1860,1
1861,1
1862,1
1863,1
1864,11
1865,0
1866,1
1867,1
1868,1
1869,1
1870,1
1871,1
1872,1
1873,3
1874,4
1875,4
1876,7
1877,4
1878,9
1879,6
1880,10
1881,9
1882,3
1883,3
1884,3
1885,3
1886,10
1887,6
1888,3
1889,3
1890,5
1891,11
1892,4
1893,7
1894,9
1895,6
1896,3
1897,12
1898,7
1899,11
1900,5
1901,12
1902,10
1903,0
1904,2
1905,11
1906,11
1907,9
1908,4
1909,3
1910,3
1911,3
1912,4
1913,11
1914,7
1915,4
1916,5
1917,10
1918,2
1919,6
1920,8
1921,9
1922,6
1923,3
1924,10
1925,4
1926,12
1927,6
1928,7
1929,6
1930,3
1931,11
1932,5
1933,9
1934,6
1935,12
1936,2
1937,7
1938,4
1939,5
1940,4
1941,5
1942,3
1943,4
1944,7
1945,3
1946,6
1947,5
1948,4
1949,3
1950,3
1951,3
1952,3
1953,3
1954,3
1955,6
1956,2
1957,6
1958,0
1959,4
1960,0
1961,6
1962,7
1963,7
1964,7
1965,9
1966,4
1967,4
1968,3
1969,9
1970,1
1971,1
1972,1
1973,1
1974,1
1975,1
1976,1
1977,1
1978,1
1979,4
1980,9
1981,7
1982,7
1983,10
1984,1
1985,1
1986,1
1987,1
1988,1
1989,4
1990,10
1991,9
1992,3
1993,7
1994,7
1995,0
1996,9
1997,9
1998,4
1999,6
2000,3
2001,12
2002,0
2003,9
2004,8
2005,3
2006,3
2007,3
2008,3
2009,3
2010,3
2011,3
2012,3
2013,3
2014,3
2015,3
2016,3
2017,3
2018,3
2019,3
2020,3
2021,6
2022,4
2023,5
2024,12
2025,10
2026,6
2027,9
2028,9
2029,0
2030,9
2031,12
2032,10
2033,5
2034,3
2035,3
2036,4
2037,10
2038,10
2039,12
2040,10
2041,4
2042,8
2043,8
2044,9
2045,4
2046,4
2047,9
2048,8
2049,12
2050,4
2051,4
2052,3
2053,12
2054,4
2055,3
2056,0
2057,6
2058,9
2059,4
2060,7
2061,5
2062,6
2063,4
2064,9
2065,3
2066,6
2067,2
2068,9
2069,9
2070,4
2071,2
2072,4
2073,6
2074,3
2075,8
2076,4
2077,4
2078,10
2079,3
2080,3
2081,3
2082,4
2083,7
2084,5
2085,3
2086,3
2087,3
2088,3
2089,3
2090,3
2091,3
2092,3
2093,3
2094,3
2095,3
2096,3
2097,3
2098,4
2099,4
2100,4
2101,9
2102,3
2103,3
2104,3
2105,3
2106,3
2107,3
2108,3
2109,3
2110,3
2111,3
2112,4
2113,3
2114,6
2115,4
2116,8
2117,9
2118,4
2119,4
2120,4
2121,5
2122,7
2123,7
2124,6
2125,10
2126,3
2127,4
2128,11
2129,6
2130,3
2131,4
2132,7
2133,7
2134,3
2135,3
2136,10
2137,6
2138,6
2139,1
2140,1
2141,1
2142,1
2143,1
2144,4
2145,8
2146,4
2147,3
2148,3
2149,2
2150,10
2151,2
2152,4
2153,4
2154,3
2155,4
2156,6
2157,8
2158,8
2159,4
2160,4
2161,4
2162,1
2163,1
2164,1
2165,1
2166,4
2167,6
2168,4
2169,4
2170,9
2171,6
2172,4
2173,4
2174,7
2175,11
2176,10
2177,7
2178,4
2179,4
2180,3
2181,1
2182,10
2183,4
2184,6
2185,4
2186,3
2187,3
2188,3
2189,3
2190,10
2191,3
2192,4
2193,8
2194,7
2195,10
2196,2
2197,4
2198,10
2199,4
2200,6
2201,6
2202,3
2203,3
2204,11
2205,10
2206,7
2207,7
2208,7
2209,7
2210,7
2211,8
2212,11
2213,4
2214,7
2215,12
2216,2
2217,3
2218,7
2219,4
2220,7
2221,6
2222,6
2223,10
2224,7
2225,6
2226,10
2227,10
2228,8
2229,7
2230,6
2231,3
2232,3
2233,3
2234,3
2235,3
2236,3
2237,3
2238,3
2239,3
2240,3
2241,3
2242,3
2243,3
2244,3
2245,6
2246,9
2247,6
2248,6
2249,4
2250,3
2251,3
2252,3
2253,3
2254,9
2255,7
2256,0
2257,3
2258,11
2259,4
2260,10
2261,8
2262,3
2263,3
2264,3
2265,3
2266,3
2267,3
2268,4
2269,4
2270,5
2271,8
2272,8
2273,8
2274,8
2275,8
2276,4
2277,4
2278,10
2279,4
2280,10
2281,7
2282,7
2283,0
2284,9
2285,4
2286,4
2287,12
2288,10
2289,3
2290,3
2291,3
2292,7
2293,11
2294,11
2295,9
2296,7
2297,3
2298,3
2299,3
2300,0
2301,8
2302,9
2303,7
2304,0
2305,3
2306,3
2307,3
2308,4
2309,7
2310,6
2311,4
2312,7
2313,5
2314,5
2315,5
2316,5
2317,5
2318,5
2319,5
2320,3
2321,7
2322,3
2323,3
2324,4
2325,3
2326,3
2327,3
2328,9
2329,2
2330,6
2331,5
2332,5
2333,5
2334,5
2335,5
2336,5
2337,5
2338,3
2339,7
2340,6
2341,4
2342,6
2343,6
2344,9
2345,7
2346,10
2347,6
2348,3
2349,12
2350,2
2351,6
2352,10
2353,10
2354,7
2355,4
2356,9
2357,11
2358,3
2359,1
2360,1
2361,1
2362,1
2363,1
2364,10
2365,12
2366,12
2367,2
2368,4
2369,3
2370,12
2371,4
2372,4
2373,4
2374,4
2375,4
2376,3
2377,3
2378,3
2379,3
2380,3
2381,4
2382,3
2383,3
2384,3
2385,3
2386,3
2387,3
2388,3
2389,3
2390,3
2391,3
2392,3
2393,8
2394,8
2395,3
2396,3
2397,3
2398,3
2399,8
2400,9
2401,4
2402,9
2403,7
2404,9
2405,5
2406,6
2407,5
2408,12
2409,6
2410,6
2411,12
2412,3
2413,4
2414,5
2415,10
2416,3
2417,10
2418,12
2419,10
2420,12
2421,12
2422,12
2423,10
2424,4
2425,7
2426,4
2427,4
2428,12
2429,9
2430,4
2431,4
2432,10
2433,2
2434,0
2435,7
2436,10
2437,6
2438,0
2439,7
2440,6
2441,12
2442,6
2443,12
2444,3
2445,9
2446,10
2447,4
2448,6
2449,6
2450,7
2451,12
2452,3
2453,3
2454,3
2455,3
2456,3
2457,3
2458,7
2459,10
2460,4
2461,8
2462,3
2463,3
2464,3
2465,3
2466,10
2467,12
2468,10
2469,7
2470,6
2471,7
2472,4
2473,11
2474,6
2475,4
2476,3
2477,12
2478,4
2479,3
2480,3
2481,4
2482,4
2483,4
2484,4
2485,4
2486,4
2487,4
2488,5
2489,4
2490,4
2491,4
2492,6
2493,3
2494,8
2495,8
2496,8
2497,4
2498,4
2499,4
2500,4
2501,4
2502,1
2503,1
2504,1
2505,1
2506,1
2507,1
2508,1
2509,1
2510,1
2511,1
2512,6
2513,3
2514,7
2515,4
2516,4
2517,4
2518,4
2519,4
2520,4
2521,6
2522,8
2523,1
2524,1
2525,1
2526,10
2527,8
2528,5
2529,4
2530,9
2531,6
2532,4
2533,9
2534,3
2535,11
2536,4
2537,4
2538,4
2539,4
2540,4
2541,4
2542,6
2543,8
2544,1
2545,1
2546,1
2547,10
2548,8
2549,5
2550,3
2551,3
2552,3
2553,12
2554,12
2555,9
2556,2
2557,3
2558,3
2559,3
2560,3
2561,10
2562,3
2563,3
2564,3
2565,3
2566,3
2567,3
2568,3
2569,3
2570,9
2571,12
2572,10
2573,3
2574,3
2575,2
2576,4
2577,2
2578,6
2579,3
2580,4
2581,6
2582,2
2583,11
2584,8
2585,4
2586,8
2587,2
2588,4
2589,7
2590,10
2591,7
2592,7
2593,3
2594,12
2595,8
2596,4
2597,4
2598,5
2599,8
2600,7
2601,6
2602,5
2603,5
2604,4
2605,4
2606,5
2607,5
2608,5
2609,5
2610,5
2611,5
2612,5
2613,6
2614,8
2615,8
2616,1
2617,1
2618,4
2619,2
2620,12
2621,10
2622,7
2623,6
2624,7
2625,6
2626,12
2627,7
2628,1
2629,1
2630,1
2631,1
2632,5
2633,4
2634,4
2635,3
2636,3
2637,3
2638,3
2639,3
2640,3
2641,3
2642,3
2643,3
2644,3
2645,5
2646,5
2647,5
2648,10
2649,4
2650,3
2651,3
2652,3
2653,3
2654,3
2655,3
2656,5
2657,5
2658,5
2659,10
2660,4
2661,3
2662,3
2663,3
2664,3
2665,3
2666,3
2667,5
2668,8
2669,8
2670,8
2671,4
2672,8
2673,6
2674,10
2675,7
2676,6
2677,7
2678,10
2679,10
2680,3
2681,10
2682,4
2683,4
2684,0
2685,8
2686,2
2687,10
2688,6
2689,4
2690,6
2691,7
2692,10
2693,4
2694,8
2695,4
2696,6
2697,7
2698,4
2699,4
2700,8
2701,4
2702,11
2703,11
2704,10
2705,9
2706,4
2707,7
2708,6
2709,6
2710,1
2711,1
2712,1
2713,1
2714,1
2715,1
2716,1
2717,1
2718,7
2719,9
2720,7
2721,8
2722,1
2723,1
2724,7
2725,1
2726,1
2727,1
2728,1
2729,1
2730,1
2731,1
2732,1
2733,1
2734,7
2735,4
2736,4
2737,4
2738,3
2739,4
2740,8
2741,8
2742,8
2743,6
2744,7
2745,3
2746,3
2747,3
2748,3
2749,3
2750,3
2751,7
2752,8
2753,8
2754,1
2755,6
2756,3
2757,6
2758,12
2759,10
2760,9
2761,12
2762,7
2763,6
2764,6
2765,3
2766,9
2767,7
2768,8
2769,4
2770,5
2771,5
2772,5
2773,3
2774,3
2775,3
2776,3
2777,3
2778,3
2779,3
2780,3
2781,3
2782,3
2783,8
2784,8
2785,8
2786,4
2787,4
2788,4
2789,2
2790,6
2791,4
2792,10
2793,3
2794,3
2795,2
2796,10
2797,9
2798,10
2799,8
2800,5
2801,8
2802,6
2803,3
2804,3
2805,6
2806,7
2807,3
2808,3
2809,7
2810,9
2811,6
2812,6
2813,6
2814,6
2815,7
2816,5
2817,5
2818,3
2819,3
2820,7
2821,6
2822,10
2823,12
2824,4
2825,5
2826,3
2827,3
2828,6
2829,6
2830,1
2831,1
2832,1
2833,1
2834,1
2835,1
2836,1
2837,1
2838,1
2839,3
2840,9
2841,3
2842,3
2843,3
2844,3
2845,7
2846,8
2847,6
2848,7
2849,12
2850,12
2851,8
2852,8
2853,4
2854,7
2855,6
2856,10
2857,5
2858,4
2859,10
2860,4
2861,10
2862,4
2863,3
2864,3
2865,7
2866,4
2867,8
2868,8
2869,12
2870,4
2871,12
2872,5
2873,5
2874,4
2875,4
2876,5
2877,5
2878,5
2879,5
2880,5
2881,5
2882,6
2883,8
2884,8
2885,7
2886,8
2887,5
2888,8
2889,5
2890,5
2891,5
2892,5
2893,4
2894,5
2895,5
2896,5
2897,5
2898,5
2899,5
2900,6
2901,8
2902,8
2903,8
2904,7
2905,6
2906,1
2907,1
2908,1
2909,7
2910,7
2911,7
2912,7
2913,4
2914,4
2915,4
2916,1
2917,1
2918,1
2919,1
2920,4
2921,4
2922,7
2923,7
2924,4
2925,4
2926,11
2927,4
2928,6
2929,12
2930,12
2931,8
2932,4
2933,4
2934,4
2935,3
2936,3
2937,0
2938,0
2939,9
2940,10
2941,12
2942,6
2943,12
2944,0
2945,8
2946,9
2947,12
2948,12
2949,4
2950,4
2951,10
2952,1
2953,1
2954,1
2955,1
2956,1
2957,1
2958,1
2959,1
2960,1
2961,1
2962,1
2963,1
2964,1
2965,1
2966,1
2967,1
2968,1
2969,4
2970,4
2971,6
2972,8
2973,1
2974,1
2975,1
2976,4
2977,5
2978,3
2979,5
2980,1
2981,1
2982,1
2983,4
2984,4
2985,5
2986,7
2987,10
2988,12
2989,8
2990,4
2991,1
2992,1
2993,1
2994,5
2995,3
2996,9
2997,7
2998,9
2999,7
3000,3
3001,10
3002,4
3003,3
3004,3
3005,3
3006,3
3007,4
3008,3
3009,3
3010,3
3011,3
3012,3
3013,10
3014,9
3015,9
3016,10
3017,7
3018,7
3019,7
3020,7
3021,7
3022,7
3023,7
3024,7
3025,7
3026,7
3027,4
3028,12
3029,1
3030,1
3031,1
3032,1
3033,1
3034,1
3035,1
3036,1
3037,8
3038,10
3039,7
3040,7
3041,12
3042,12
3043,3
3044,3
3045,3
3046,4
3047,4
3048,12
3049,7
3050,7
3051,7
3052,6
3053,4
3054,7
3055,3
3056,12
3057,3
3058,3
3059,3
3060,3
3061,4
3062,1
3063,1
3064,1
3065,1
3066,7
3067,4
3068,6
3069,1
3070,1
3071,1
3072,1
3073,1
3074,9
3075,10
3076,6
3077,7
3078,7
3079,7
3080,3
3081,3
3082,3
3083,3
3084,3
3085,3
3086,3
3087,3
3088,7
3089,5
3090,8
3091,8
3092,8
3093,8
3094,8
3095,8
3096,8
3097,8
3098,4
3099,5
3100,5
3101,4
3102,5
3103,4
3104,4
3105,8
3106,8
3107,8
3108,3
3109,8
3110,8
3111,4
3112,7
3113,7
3114,7
3115,7
3116,7
3117,7
3118,7
3119,7
3120,7
3121,7
3122,7
3123,7
3124,7
3125,7
3126,7
3127,7
3128,7
3129,7
3130,7
3131,7
3132,7
3133,7
3134,7
3135,7
3136,7
3137,7
3138,7
3139,7
3140,7
3141,7
3142,7
3143,3
3144,3
3145,3
3146,3
3147,4
3148,3
3149,3
3150,3
3151,3
3152,4
3153,7
3154,6
3155,3
3156,2
3157,4
3158,4
3159,5
3160,5
3161,5
3162,5
3163,8
3164,8
3165,5
3166,5
3167,3
3168,3
3169,3
3170,3
3171,3
3172,8
3173,8
3174,8
3175,8
3176,4
3177,5
3178,3
3179,8
3180,0
3181,0
3182,4
3183,8
3184,11
3185,4
3186,1
3187,1
3188,4
3189,5
3190,4
3191,11
3192,7
3193,7
3194,4
3195,4
3196,4
3197,0
3198,1
3199,1
3200,1
3201,1
3202,1
3203,1
3204,7
3205,7
3206,7
3207,7
3208,7
3209,7
3210,7
3211,7
3212,7
3213,7
3214,7
3215,7
3216,7
3217,7
3218,7
3219,7
3220,7
3221,7
3222,7
3223,7
3224,7
3225,7
3226,7
3227,7
3228,7
3229,7
3230,7
3231,7
3232,7
3233,7
3234,7
3235,7
3236,7
3237,7
3238,7
3239,7
3240,7
3241,7
3242,7
3243,7
3244,10
3245,10
3246,10
3247,6
3248,6
3249,1
3250,1
3251,1
3252,1
3253,1
3254,1
3255,1
3256,4
3257,4
3258,4
3259,7
3260,8
3261,0
3262,0
3263,0
3264,0
3265,4
3266,4
3267,8
3268,7
3269,12
3270,5
3271,3
3272,3
3273,3
3274,3
3275,3
3276,3
3277,4
3278,5
3279,4
3280,4
3281,5
3282,5
3283,5
3284,4
3285,4
3286,8
3287,8
3288,8
3289,8
3290,8
3291,8
3292,8
3293,8
3294,8
3295,8
3296,8
3297,8
3298,0
3299,1
3300,1
3301,1
3302,1
3303,1
3304,0
3305,4
3306,4
3307,4
3308,4
3309,7
3310,8
3311,0
3312,0
3313,0
3314,0
3315,4
3316,4
3317,10
3318,1
3319,1
3320,1
3321,1
3322,1
3323,1
3324,3
3325,3
3326,3
3327,3
3328,3
3329,10
3330,4
3331,4
3332,8
3333,8
3334,8
3335,8
3336,8
3337,8
3338,3
3339,2
3340,2
3341,2
3342,7
3343,12
3344,4
3345,3
3346,9
3347,6
3348,7
3349,4
3350,5
3351,5
3352,5
3353,4
3354,4
3355,4
3356,4
3357,5
3358,5
3359,5
3360,4
3361,3
3362,3
3363,3
3364,3
3365,3
3366,3
3367,3
3368,3
3369,3
3370,3
3371,8
3372,8
3373,8
3374,8
3375,8
3376,10
3377,10
3378,10
3379,10
3380,10
3381,4
3382,4
3383,4
3384,4
3385,4
3386,4
3387,4
3388,4
3389,7
3390,3
3391,3
3392,3
3393,4
3394,4
3395,4
3396,6
3397,10
3398,7
3399,9
3400,6
3401,4
3402,4
3403,6
3404,4
3405,8
3406,8
3407,11
3408,4
3409,4
3410,4
3411,4
3412,8
3413,8
3414,10
3415,7
3416,5
3417,6
3418,7
3419,7
3420,10
3421,4
3422,5
3423,5
3424,5
3425,8
3426,8
3427,8
3428,8
3429,8
3430,8
3431,8
3432,8
3433,8
3434,8
3435,8
3436,8
3437,8
3438,8
3439,7
3440,7
3441,3
3442,3
3443,3
3444,6
3445,5
3446,7
3447,7
3448,3
3449,0
3450,1
3451,1
3452,1
3453,1
3454,1
3455,1
3456,1
3457,1
3458,0
3459,0
3460,0
3461,0
3462,0
3463,0
3464,0
3465,4
3466,11
3467,3
3468,1
3469,1
3470,1
3471,1
3472,1
3473,1
3474,1
3475,1
3476,1
3477,10
3478,10
3479,6
3480,8
3481,1
3482,9
3483,12
3484,5
3485,5
3486,8
3487,8
3488,8
3489,8
3490,8
3491,8
3492,4
3493,4
3494,4
3495,3
3496,3
3497,3
3498,3
3499,3
3500,3
3501,3
3502,3
3503,6
3504,4
3505,7
3506,7
3507,7
3508,10
3509,10
3510,9
3511,4
3512,12
3513,10
3514,9
3515,4
3516,6
3517,8
3518,8
3519,8
3520,10
3521,10
3522,10
3523,10
3524,10
3525,1
3526,1
3527,1
3528,1
3529,1
3530,1
3531,1
3532,7
3533,4
3534,3
3535,1
3536,1
3537,1
3538,1
3539,1
3540,7
3541,3
3542,3
3543,3
3544,3
3545,3
3546,3
3547,3
3548,4
3549,4
3550,4
3551,4
3552,8
3553,8
3554,8
3555,6
3556,6
3557,6
3558,6
3559,6
3560,6
3561,6
3562,2
3563,2
3564,2
3565,5
3566,5
3567,1
3568,1
3569,1
3570,1
3571,1
3572,1
3573,1
3574,7
3575,7
3576,7
3577,7
3578,4
3579,4
3580,8
3581,8
3582,8
3583,3
3584,3
3585,8
3586,10
3587,7
3588,7
3589,6
3590,4
3591,4
3592,4
3593,4
3594,8
3595,8
3596,8
3597,6
3598,6
3599,6
3600,6
3601,6
3602,6
3603,6
3604,2
3605,2
3606,2
3607,5
3608,5
3609,1
3610,1
3611,1
3612,1
3613,1
3614,1
3615,1
3616,7
3617,7
3618,7
3619,7
3620,4
3621,4
3622,1
3623,1
3624,1
3625,1
3626,1
3627,1
3628,7
3629,7
3630,4
3631,1
3632,1
3633,1
3634,1
3635,1
3636,1
3637,1
3638,1
3639,1
3640,1
3641,1
3642,1
3643,1
3644,1
3645,1
3646,1
3647,1
3648,1
3649,10
3650,8
3651,8
3652,8
3653,8
3654,4
3655,4
3656,4
3657,4
3658,4
3659,8
3660,8
3661,8
3662,6
3663,6
3664,6
3665,6
3666,6
3667,6
3668,6
3669,2
3670,2
3671,2
3672,5
3673,5
3674,1
3675,1
3676,1
3677,1
3678,1
3679,1
3680,1
3681,7
3682,7
3683,7
3684,7
3685,6
3686,1
3687,1
3688,1
3689,1
3690,10
3691,4
3692,8
3693,8
3694,8
3695,8
3696,8
3697,10
3698,9
3699,2
3700,10
3701,8
3702,8
3703,8
3704,8
3705,8
3706,8
3707,8
3708,8
3709,8
3710,8
3711,8
3712,1
3713,1
3714,1
3715,1
3716,1
3717,4
3718,4
3719,8
3720,3
3721,8
3722,8
3723,8
3724,1
3725,1
3726,4
3727,9
3728,8
3729,8
3730,8
3731,8
3732,8
3733,4
3734,4
3735,6
3736,9
3737,2
3738,7
3739,7
3740,7
3741,7
3742,7
3743,7
3744,7
3745,7
3746,7
3747,7
3748,7
3749,7
3750,7
3751,7
3752,7
3753,1
3754,1
3755,1
3756,1
3757,1
3758,1
3759,1
3760,1
3761,1
3762,1
3763,1
3764,1
3765,1
3766,1
3767,1
3768,1
3769,1
3770,2
3771,5
3772,1
3773,1
3774,1
3775,7
3776,7
3777,7
3778,7
3779,3
3780,4
3781,3
3782,3
3783,1
3784,1
3785,1
3786,1
3787,1
3788,1
3789,6
3790,3
3791,3
3792,4
3793,8
3794,8
3795,8
3796,7
3797,6
3798,4
3799,6
3800,6
3801,1
3802,1
3803,1
3804,1
3805,1
3806,1
3807,1
3808,1
3809,1
3810,1
3811,1
3812,1
3813,1
3814,1
3815,1
3816,1
3817,1
3818,7
3819,7
3820,7
3821,7
3822,7
3823,7
3824,5
3825,7
3826,7
3827,3
3828,0
3829,4
3830,3
3831,3
3832,3
3833,1
3834,1
3835,1
3836,1
3837,1
3838,3
3839,3
3840,3
3841,7
3842,12
3843,1
3844,1
3845,1
3846,1
3847,1
3848,1
3849,1
3850,1
3851,1
3852,1
3853,1
3854,1
3855,1
3856,1
3857,1
3858,1
3859,1
3860,1
3861,1
3862,1
3863,1
3864,1
3865,1
3866,1
3867,1
3868,1
3869,1
3870,1
3871,12
3872,7
3873,10
3874,8
3875,8
3876,8
3877,8
3878,8
3879,8
3880,8
3881,8
3882,8
3883,8
3884,0
3885,4
3886,12
3887,7
3888,2
3889,4
3890,4
3891,6
3892,6
3893,1
3894,1
3895,1
3896,1
3897,1
3898,6
3899,10
3900,4
3901,4
3902,4
3903,3
3904,3
3905,3
3906,3
3907,3
3908,3
3909,3
3910,3
3911,3
3912,3
3913,8
3914,3
3915,5
3916,4
3917,7
3918,7
3919,7
3920,0
3921,1
3922,1
3923,1
3924,4
3925,4
3926,0
3927,1
3928,1
3929,1
3930,4
3931,4
3932,11
3933,3
3934,3
3935,2
3936,9
3937,11
3938,9
3939,6
3940,7
3941,0
3942,3
3943,1
3944,1
3945,1
3946,1
3947,1
3948,7
3949,7
3950,7
3951,7
3952,7
3953,2
3954,1
3955,1
3956,1
3957,1
3958,1
3959,1
3960,1
3961,12
3962,7
3963,4
3964,7
3965,7
3966,1
3967,1
3968,1
3969,1
3970,1
3971,1
3972,1
3973,4
3974,4
3975,4
3976,4
3977,4
3978,4
3979,4
3980,4
3981,4
3982,4
3983,8
3984,8
3985,8
3986,8
3987,8
3988,4
3989,4
3990,4
3991,1
3992,1
3993,8
3994,2
3995,3
3996,3
3997,9
3998,8
3999,8
4000,8
4001,8
4002,8
4003,4
4004,5
4005,8
4006,8
4007,4
4008,5
4009,4
4010,4
4011,2
4012,2
4013,10
4014,7
4015,1
4016,1
4017,1
4018,1
4019,1
4020,1
4021,7
4022,4
4023,2
4024,2
4025,4
4026,4
4027,4
4028,1
4029,1
4030,1
4031,1
4032,1
4033,4
4034,4
4035,7
4036,4
4037,6
4038,8
4039,8
4040,6
4041,10
4042,4
4043,8
4044,8
4045,1
4046,1
4047,1
4048,1
4049,1
4050,1
4051,1
4052,1
4053,6
4054,7
4055,8
4056,7
4057,11
4058,2
4059,2
4060,3
4061,3
4062,3
4063,3
4064,3
4065,3
4066,3
4067,3
4068,3
4069,1
4070,1
4071,1
4072,5
4073,4
4074,6
4075,8
4076,1
4077,1
4078,1
4079,4
4080,4
4081,7
4082,4
4083,4
4084,8
4085,8
4086,8
4087,4
4088,1
4089,10
4090,10
4091,7
4092,10
4093,3
4094,3
4095,3
4096,3
4097,1
4098,1
4099,1
4100,1
4101,1
4102,1
4103,1
4104,1
4105,1
4106,1
4107,1
4108,1
4109,1
4110,1
4111,1
4112,1
4113,1
4114,1
4115,1
4116,1
4117,1
4118,1
4119,1
4120,8
4121,12
4122,10
4123,10
4124,10
4125,3
4126,2
4127,5
4128,4
4129,4
4130,2
4131,4
4132,4
4133,7
4134,4
4135,10
4136,10
4137,6
4138,8
4139,3
4140,3
4141,3
4142,3
4143,3
4144,3
4145,3
4146,3
4147,3
4148,4
4149,4
4150,1
4151,1
4152,3
4153,3
4154,3
4155,10
4156,4
4157,1
4158,1
4159,1
4160,1
4161,1
4162,1
4163,1
4164,1
4165,1
4166,1
4167,1
4168,4
4169,4
4170,1
4171,1
4172,1
4173,1
4174,1
4175,1
4176,1
4177,1
4178,1
4179,1
4180,1
4181,4
4182,2
4183,5
4184,5
4185,5
4186,5
4187,5
4188,5
4189,5
4190,5
4191,4
4192,4
4193,4
4194,4
4195,4
4196,4
4197,4
4198,5
4199,5
4200,5
4201,5
4202,5
4203,5
4204,5
4205,4
4206,4
4207,3
4208,8
4209,8
4210,8
4211,8
4212,1
4213,1
4214,1
4215,1
4216,1
4217,1
4218,1
4219,1
4220,1
4221,1
4222,1
4223,1
4224,1
4225,1
4226,4
4227,1
4228,1
4229,1
4230,1
4231,1
4232,1
4233,2
4234,1
4235,1
4236,1
4237,1
4238,1
4239,1
4240,1
4241,1
4242,1
4243,1
4244,1
4245,4
4246,1
4247,1
4248,1
4249,1
4250,1
4251,1
4252,1
4253,1
4254,1
4255,1
4256,1
4257,4
4258,1
4259,7
4260,7
4261,1
4262,1
4263,1
4264,1
4265,1
4266,1
4267,1
4268,1
4269,1
4270,1
4271,1
4272,4
4273,1
4274,1
4275,1
4276,1
4277,1
4278,1
4279,1
4280,1
4281,1
4282,1
4283,1
4284,4
4285,1
4286,1
4287,1
4288,1
4289,1
4290,1
4291,1
4292,1
4293,1
4294,1
4295,1
4296,4
4297,10
4298,10
4299,3
4300,4
4301,1
4302,1
4303,1
4304,1
4305,1
4306,1
4307,1
4308,1
4309,1
4310,1
4311,1
4312,4
4313,3
4314,4
4315,1
4316,1
4317,1
4318,1
4319,1
4320,1
4321,1
4322,1
4323,1
4324,1
4325,1
4326,4
4327,1
4328,1
4329,1
4330,1
4331,1
4332,1
4333,1
4334,1
4335,1
4336,1
4337,1
4338,4
4339,12
4340,6
4341,6
4342,1
4343,1
4344,1
4345,1
4346,1
4347,1
4348,1
4349,1
4350,1
4351,1
4352,1
4353,4
4354,4
4355,4
4356,5
4357,8
4358,8
4359,8
4360,4
4361,4
4362,9
4363,1
4364,1
4365,1
4366,1
4367,1
4368,1
4369,1
4370,1
4371,1
4372,1
4373,1
4374,4
4375,7
4376,10
4377,1
4378,1
4379,1
4380,1
4381,1
4382,1
4383,1
4384,1
4385,1
4386,1
4387,1
4388,4
4389,9
4390,1
4391,1
4392,1
4393,1
4394,1
4395,1
4396,1
4397,1
4398,1
4399,1
4400,1
4401,4
4402,7
4403,9
4404,4
4405,8
4406,8
4407,8
4408,8
4409,1
4410,1
4411,3
4412,1
4413,1
4414,1
4415,1
4416,1
4417,1
4418,1
4419,1
4420,1
4421,1
4422,1
4423,4
4424,3
4425,3
4426,3
4427,3
4428,3
4429,3
4430,3
4431,7
4432,4
4433,9
4434,6
4435,10
4436,1
4437,1
4438,1
4439,1
4440,1
4441,1
4442,1
4443,1
4444,1
4445,1
4446,1
4447,4
4448,9
4449,8
4450,1
4451,1
4452,1
4453,1
4454,1
4455,1
4456,1
4457,1
4458,1
4459,1
4460,1
4461,4
4462,3
4463,3
4464,0
4465,9
4466,1
4467,1
4468,1
4469,1
4470,1
4471,1
4472,1
4473,1
4474,1
4475,1
4476,1
4477,4
4478,10
4479,7
4480,8
4481,8
4482,8
4483,8
4484,8
4485,7
4486,1
4487,1
4488,1
4489,1
4490,1
4491,1
4492,1
4493,1
4494,1
4495,1
4496,1
4497,4
4498,10
4499,10
4500,10
4501,5
4502,5
4503,5
4504,5
4505,5
4506,5
4507,5
4508,5
4509,4
4510,4
4511,4
4512,4
4513,4
4514,4
4515,4
4516,5
4517,5
4518,5
4519,5
4520,5
4521,5
4522,5
4523,4
4524,4
4525,3
4526,8
4527,8
4528,8
4529,8
4530,5
4531,5
4532,5
4533,5
4534,5
4535,5
4536,5
4537,5
4538,4
4539,4
4540,4
4541,4
4542,4
4543,4
4544,4
4545,5
4546,5
4547,5
4548,5
4549,5
4550,5
4551,5
4552,4
4553,4
4554,3
4555,8
4556,8
4557,8
4558,8
4559,1
4560,1
4561,1
4562,9
4563,1
4564,1
4565,1
4566,1
4567,1
4568,1
4569,1
4570,1
4571,1
4572,1
4573,1
4574,4
4575,1
4576,1
4577,1
4578,8
4579,4
4580,4
4581,10
4582,4
4583,5
4584,4
4585,4
4586,8
4587,4
4588,4
4589,4
4590,4
4591,4
4592,4
4593,4
4594,4
4595,4
4596,4
4597,4
4598,4
4599,4
4600,4
4601,4
4602,4
4603,5
4604,5
4605,5
4606,5
4607,4
4608,1
4609,7
4610,7
4611,1
4612,1
4613,1
4614,1
4615,1
4616,1
4617,1
4618,1
4619,1
4620,1
4621,1
4622,4
4623,0
4624,4
4625,4
4626,5
4627,5
4628,4
4629,4
4630,1
4631,1
4632,1
4633,1
4634,1
4635,1
4636,1
4637,1
4638,1
4639,1
4640,1
4641,4
4642,10
4643,2
4644,6
4645,11
4646,10
4647,6
4648,1
4649,1
4650,1
4651,1
4652,1
4653,1
4654,1
4655,1
4656,1
4657,1
4658,1
4659,4
4660,10
4661,1
4662,1
4663,1
4664,1
4665,1
4666,1
4667,1
4668,1
4669,1
4670,1
4671,1
4672,4
4673,9
4674,11
4675,5
4676,5
4677,5
4678,5
4679,5
4680,5
4681,5
4682,5
4683,4
4684,4
4685,4
4686,4
4687,4
4688,4
4689,4
4690,5
4691,5
4692,5
4693,5
4694,5
4695,5
4696,5
4697,4
4698,4
4699,3
4700,8
4701,8
4702,8
4703,8
4704,11
4705,1
4706,1
4707,1
4708,1
4709,1
4710,1
4711,1
4712,1
4713,1
4714,1
4715,1
4716,4
4717,1
4718,1
4719,1
4720,1
4721,1
4722,1
4723,1
4724,1
4725,1
4726,1
4727,1
4728,4
4729,4
4730,4
4731,4
4732,4
4733,4
4734,8
4735,0
4736,5
4737,4
4738,6
4739,8
4740,6
4741,1
4742,1
4743,1
4744,1
4745,1
4746,1
4747,1
4748,1
4749,1
4750,1
4751,1
4752,4
4753,0
4754,4
4755,4
4756,4
4757,4
4758,4
4759,8
4760,0
4761,5
4762,1
4763,1
4764,1
4765,1
4766,1
4767,1
4768,1
4769,1
4770,1
4771,1
4772,1
4773,4
4774,0
4775,1
4776,1
4777,1
4778,1
4779,1
4780,1
4781,1
4782,1
4783,1
4784,1
4785,1
4786,4
4787,6
4788,5
4789,5
4790,5
4791,5
4792,5
4793,5
4794,5
4795,5
4796,4
4797,4
4798,4
4799,4
4800,4
4801,4
4802,4
4803,5
4804,5
4805,5
4806,5
4807,5
4808,5
4809,5
4810,4
4811,4
4812,3
4813,8
4814,8
4815,8
4816,8
4817,4
4818,4
4819,1
4820,1
4821,1
4822,1
4823,1
4824,1
4825,1
4826,1
4827,1
4828,1
4829,1
4830,4
4831,5
4832,5
4833,5
4834,5
4835,5
4836,5
4837,5
4838,5
4839,4
4840,4
4841,4
4842,4
4843,4
4844,4
4845,4
4846,5
4847,5
4848,5
4849,5
4850,5
4851,5
4852,5
4853,4
4854,4
4855,3
4856,8
4857,8
4858,8
4859,8
4860,4
4861,5
4862,5
4863,5
4864,5
4865,5
4866,5
4867,5
4868,5
4869,4
4870,4
4871,4
4872,4
4873,4
4874,4
4875,4
4876,5
4877,5
4878,5
4879,5
4880,5
4881,5
4882,5
4883,4
4884,4
4885,3
4886,8
4887,8
4888,8
4889,8
4890,0
4891,1
4892,1
4893,1
4894,1
4895,1
4896,1
4897,1
4898,1
4899,1
4900,1
4901,1
4902,4
4903,7
4904,10
4905,4
4906,6
4907,4
4908,10
4909,9
4910,1
4911,1
4912,1
4913,1
4914,1
4915,1
4916,1
4917,1
4918,1
4919,1
4920,1
4921,4
4922,1
4923,1
4924,1
4925,1
4926,1
4927,1
4928,1
4929,1
4930,1
4931,1
4932,1
4933,4
4934,1
4935,1
4936,1
4937,1
4938,1
4939,1
4940,1
4941,1
4942,1
4943,1
4944,1
4945,4
4946,1
4947,1
4948,1
4949,1
4950,1
4951,1
4952,1
4953,1
4954,1
4955,1
4956,1
4957,4
4958,3
4959,3
4960,3
4961,3
4962,3
4963,3
4964,3
4965,3
4966,3
4967,3
4968,1
4969,1
4970,1
4971,1
4972,1
4973,1
4974,1
4975,1
4976,1
4977,1
4978,1
4979,4
4980,1
4981,1
4982,1
4983,1
4984,1
4985,1
4986,1
4987,1
4988,1
4989,1
4990,1
4991,4
4992,4
4993,1
4994,1
4995,1
4996,1
4997,1
4998,1
4999,1
5000,1
5001,1
5002,1
5003,1
5004,4
5005,7
5006,1
5007,1
5008,1
5009,1
5010,1
5011,1
5012,1
5013,1
5014,1
5015,1
5016,1
5017,4
5018,4
5019,12
5020,3
5021,8
5022,1
5023,1
5024,1
5025,1
5026,1
5027,1
5028,1
5029,1
5030,1
5031,1
5032,1
5033,4
5034,4
5035,1
5036,1
5037,1
5038,1
5039,1
5040,1
5041,1
5042,1
5043,1
5044,1
5045,1
5046,4
5047,1
5048,1
5049,1
5050,1
5051,1
5052,1
5053,1
5054,1
5055,1
5056,1
5057,1
5058,4
5059,1
5060,1
5061,1
5062,1
5063,1
5064,1
5065,1
5066,1
5067,1
5068,1
5069,1
5070,4
5071,4
5072,7
5073,3
5074,1
5075,1
5076,1
5077,1
5078,1
5079,1
5080,1
5081,1
5082,1
5083,1
5084,1
5085,4
5086,4
5087,9
5088,7
5089,1
5090,1
5091,1
5092,1
5093,1
5094,1
5095,1
5096,1
5097,1
5098,1
5099,1
5100,4
5101,7
5102,3
5103,3
5104,3
5105,3
5106,3
5107,3
5108,3
5109,1
5110,1
5111,1
5112,1
5113,1
5114,1
5115,1
5116,1
5117,1
5118,1
5119,1
5120,4
5121,7
5122,5
5123,4
5124,6
5125,1
5126,1
5127,1
5128,1
5129,1
5130,1
5131,1
5132,1
5133,1
5134,1
5135,1
5136,4
5137,1
5138,1
5139,1
5140,1
5141,1
5142,1
5143,1
5144,1
5145,1
5146,1
5147,1
5148,4
5149,9
5150,1
5151,1
5152,1
5153,1
5154,1
5155,1
5156,1
5157,1
5158,1
5159,1
5160,1
5161,4
5162,10
5163,3
5164,1
5165,1
5166,1
5167,1
5168,1
5169,1
5170,1
5171,1
5172,1
5173,1
5174,1
5175,4
5176,10
5177,1
5178,1
5179,1
5180,1
5181,1
5182,1
5183,1
5184,1
5185,1
5186,1
5187,1
5188,4
5189,0
5190,9
5191,12
5192,1
5193,1
5194,1
5195,1
5196,1
5197,1
5198,1
5199,1
5200,1
5201,1
5202,1
5203,4
5204,9
5205,3
5206,3
5207,3
5208,3
5209,3
5210,1
5211,1
5212,1
5213,1
5214,1
5215,1
5216,1
5217,1
5218,1
5219,1
5220,1
5221,4
5222,6
5223,4
5224,7
5225,9
5226,9
5227,6
5228,7
5229,1
5230,1
5231,1
5232,1
5233,1
5234,1
5235,1
5236,1
5237,1
5238,1
5239,1
5240,4
5241,6
5242,6
5243,1
5244,1
5245,1
5246,1
5247,1
5248,1
5249,1
5250,1
5251,1
5252,1
5253,1
5254,4
5255,1
5256,1
5257,1
5258,1
5259,1
5260,1
5261,1
5262,1
5263,1
5264,1
5265,1
5266,4
5267,1
5268,1
5269,1
5270,1
5271,1
5272,1
5273,1
5274,1
5275,1
5276,1
5277,1
5278,4
5279,10
5280,1
5281,1
5282,1
5283,1
5284,1
5285,1
5286,1
5287,1
5288,1
5289,1
5290,1
5291,4
5292,3
5293,1
5294,1
5295,1
5296,1
5297,1
5298,1
5299,1
5300,1
5301,1
5302,1
5303,1
5304,4
5305,9
5306,1
5307,1
5308,1
5309,1
5310,1
5311,1
5312,1
5313,1
5314,1
5315,1
5316,1
5317,4
5318,1
5319,1
5320,1
5321,1
5322,1
5323,1
5324,1
5325,1
5326,1
5327,1
5328,1
5329,4
5330,10
5331,1
5332,1
5333,1
5334,1
5335,1
5336,1
5337,1
5338,1
5339,1
5340,1
5341,1
5342,4
5343,9
5344,1
5345,1
5346,1
5347,1
5348,1
5349,1
5350,1
5351,1
5352,1
5353,1
5354,1
5355,4
5356,1
5357,1
5358,1
5359,1
5360,1
5361,1
5362,1
5363,1
5364,1
5365,1
5366,1
5367,4
5368,11
5369,1
5370,1
5371,1
5372,1
5373,1
5374,1
5375,1
5376,1
5377,1
5378,1
5379,1
5380,4
5381,4
5382,4
5383,8
5384,8
5385,0
5386,0
5387,7
5388,1
5389,1
5390,7
5391,1
5392,1
5393,1
5394,1
5395,1
5396,1
5397,1
5398,1
5399,1
5400,1
5401,1
5402,4
5403,4
5404,4
5405,8
5406,8
5407,0
5408,0
5409,4
5410,6
5411,4
5412,4
5413,8
5414,8
5415,0
5416,0
5417,9
5418,12
5419,3
5420,3
5421,4
5422,6
5423,8
5424,8
5425,3
5426,4
5427,1
5428,1
5429,1
5430,1
5431,1
5432,1
5433,1
5434,1
5435,1
5436,1
5437,1
5438,4
5439,8
5440,7
5441,7
5442,3
5443,8
5444,1
5445,1
5446,1
5447,1
5448,1
5449,1
5450,1
5451,1
5452,1
5453,1
5454,1
5455,4
5456,5
5457,10
5458,1
5459,1
5460,1
5461,1
5462,1
5463,1
5464,1
5465,1
5466,1
5467,1
5468,1
5469,4
5470,1
5471,1
5472,1
5473,1
5474,1
5475,1
5476,1
5477,1
5478,1
5479,1
5480,1
5481,4
5482,5
5483,5
5484,3
5485,3
5486,3
5487,9
5488,9
5489,3
5490,3
5491,7
5492,7
5493,4
5494,8
5495,10
5496,6
5497,4
5498,7
5499,9
5500,10
5501,6
5502,4
5503,1
5504,1
5505,1
5506,1
5507,1
5508,1
5509,1
5510,1
5511,1
5512,1
5513,1
5514,4
5515,5
5516,3
5517,12
5518,8
5519,8
5520,8
5521,1
5522,1
5523,1
5524,1
5525,1
5526,1
5527,1
5528,1
5529,1
5530,1
5531,1
5532,4
5533,1
5534,1
5535,1
5536,1
5537,1
5538,1
5539,1
5540,1
5541,1
5542,1
5543,1
5544,4
5545,8
5546,8
5547,8
5548,12
5549,8
5550,8
5551,8
5552,8
5553,8
5554,8
5555,8
5556,8
5557,8
5558,8
5559,8
5560,8
5561,8
5562,7
5563,8
5564,8
5565,6
5566,9
5567,7
5568,9
5569,7
5570,3
5571,3
5572,3
5573,3
5574,3
5575,3
5576,3
5577,3
5578,3
5579,3
5580,4
5581,5
5582,5
5583,5
5584,5
5585,4
5586,8
5587,8
5588,0
5589,10
5590,9
5591,4
5592,4
5593,4
5594,11
5595,4
5596,9
5597,12
5598,11
5599,7
5600,6
5601,11
5602,7
5603,6
5604,5
5605,6
5606,10
5607,4
5608,10
5609,10
5610,8
5611,4
5612,4
5613,7
5614,1
5615,1
5616,1
5617,1
5618,1
5619,1
5620,1
5621,1
5622,9
5623,9
5624,7
5625,3
5626,3
5627,3
5628,3
5629,3
5630,3
5631,0
5632,0
5633,0
5634,9
5635,6
5636,4
5637,4
5638,8
5639,4
5640,12
5641,8
5642,4
5643,5
5644,4
5645,4
5646,4
5647,7
5648,6
5649,4
5650,4
5651,3
5652,3
5653,3
5654,3
5655,3
5656,1
5657,10
5658,9
5659,4
5660,7
5661,11
5662,10
5663,3
5664,8
5665,3
5666,3
5667,3
5668,3
5669,3
5670,3
5671,3
5672,3
5673,3
5674,3
5675,7
5676,8
5677,4
5678,4
5679,4
5680,0
5681,8
5682,1
5683,1
5684,1
5685,1
5686,3
5687,8
5688,8
5689,8
5690,4
5691,4
5692,4
5693,4
5694,4
5695,4
5696,4
5697,4
5698,4
5699,6
5700,6
5701,6
5702,6
5703,6
5704,6
5705,4
5706,0
5707,0
5708,4
5709,6
5710,6
5711,10
5712,9
5713,9
5714,11
5715,0
5716,3
5717,6
5718,9
5719,9
5720,4
5721,10
5722,4
5723,7
5724,10
5725,0
5726,6
5727,10
5728,3
5729,11
5730,3
5731,7
5732,1
5733,1
5734,7
5735,8
5736,4
5737,4
5738,4
5739,4
5740,10
5741,4
5742,4
5743,4
5744,4
5745,1
5746,1
5747,4
5748,7
5749,7
5750,7
5751,7
5752,7
5753,7
5754,7
5755,7
5756,7
5757,7
5758,7
5759,2
5760,2
5761,8
5762,1
5763,1
5764,1
5765,1
5766,1
5767,1
5768,9
5769,1
5770,1
5771,8
5772,4
5773,4
5774,4
5775,4
5776,10
5777,4
5778,4
5779,4
5780,1
5781,1
5782,4
5783,7
5784,7
5785,7
5786,7
5787,7
5788,7
5789,7
5790,7
5791,7
5792,7
5793,7
5794,2
5795,2
5796,1
5797,1
5798,12
5799,5
5800,1
5801,1
5802,1
5803,1
5804,1
5805,1
5806,1
5807,6
5808,4
5809,4
5810,1
5811,1
5812,7
5813,1
5814,1
5815,11
5816,7
5817,4
5818,7
5819,8
5820,4
5821,10
5822,4
5823,4
5824,4
5825,4
5826,1
5827,1
5828,4
5829,2
5830,2
5831,5
5832,5
5833,4
5834,11
5835,3
5836,5
5837,7
5838,9
5839,0
5840,10
5841,12
5842,8
5843,4
5844,9
5845,5
5846,4
5847,6
5848,7
5849,12
5850,5
5851,5
5852,10
5853,6
5854,11
5855,4
5856,4
5857,4
5858,4
5859,7
5860,7
5861,12
5862,4
5863,7
5864,6
5865,12
5866,4
5867,6
5868,4
5869,9
5870,2
5871,3
5872,9
5873,3
5874,12
5875,9
5876,8
5877,4
5878,9
5879,6
5880,6
5881,6
5882,6
5883,10
5884,7
5885,10
5886,8
5887,9
5888,7
5889,4
5890,7
5891,4
5892,10
5893,11
5894,6
5895,7
5896,11
5897,0
5898,8
5899,4
5900,8
5901,8
5902,8
5903,8
5904,10
5905,8
5906,3
5907,9
5908,3
5909,2
5910,9
5911,8
5912,8
5913,8
5914,8
5915,6
5916,9
5917,10
5918,9
5919,10
5920,4
5921,4
5922,4
5923,4
5924,4
5925,4
5926,4
5927,4
5928,12
5929,11
5930,9
5931,4
5932,11
5933,11
5934,4
5935,7
5936,12
5937,0
5938,4
5939,4
5940,4
5941,3
5942,9
5943,11
5944,7
5945,0
5946,6
5947,3
5948,3
5949,7
5950,0
5951,7
5952,8
5953,3
5954,3
5955,3
5956,0
5957,3
5958,3
5959,7
5960,7
5961,7
5962,9
5963,4
5964,11
5965,9
5966,6
5967,3
5968,7
5969,6
5970,5
5971,3
5972,3
5973,3
5974,3
5975,3
5976,3
5977,7
5978,12
5979,12
5980,4
5981,12
5982,12
5983,0
5984,11
5985,5
5986,8
5987,11
5988,4
5989,7
5990,10
5991,12
5992,9
5993,12
5994,7
5995,9
5996,9
5997,7
5998,10
5999,6
6000,5
6001,10
6002,8
6003,7
6004,11
6005,11
6006,10
6007,4
6008,9
6009,11
6010,6
6011,4
6012,4
6013,10
6014,4
6015,4
6016,1
6017,1
6018,1
6019,1
6020,1
6021,4
6022,5
6023,6
6024,6
6025,4
6026,12
6027,10
6028,6
6029,7
6030,12
6031,0
6032,4
6033,7
6034,6
6035,7
6036,7
6037,3
6038,0
6039,5
6040,7
6041,5
6042,3
6043,10
6044,10
6045,1
6046,1
6047,7
6048,11
6049,9
6050,5
6051,7
6052,3
6053,8
6054,4
6055,7
6056,4
6057,6
6058,4
6059,0
6060,8
6061,10
6062,10
6063,3
6064,10
6065,10
6066,12
6067,3
6068,10
6069,2
6070,11
6071,6
6072,9
6073,7
6074,7
6075,4
6076,4
6077,3
6078,6
6079,11
6080,6
6081,12
6082,0
6083,6
6084,6
6085,7
6086,7
6087,10
6088,8
6089,4
6090,3
6091,9
6092,9
6093,8
6094,7
6095,5
6096,7
6097,7
6098,11
6099,4
6100,11
6101,8
6102,4
6103,3
6104,3
6105,3
6106,3
6107,3
6108,3
6109,8
6110,10
6111,9
6112,4
6113,4
6114,3
6115,3
6116,3
6117,4
6118,4
6119,6
6120,7
6121,11
6122,11
6123,3
6124,6
6125,4
6126,6
6127,8
6128,6
6129,6
6130,2
6131,6
6132,9
6133,11
6134,6
6135,3
6136,6
6137,9
6138,6
6139,4
6140,7
6141,3
6142,7
6143,4
6144,4
6145,3
6146,3
6147,3
6148,3
6149,0
6150,6
6151,6
6152,6
6153,10
6154,11
6155,6
6156,3
6157,3
6158,3
6159,6
6160,4
6161,4
6162,4
6163,3
6164,6
6165,6
6166,6
6167,6
6168,8
6169,8
6170,4
6171,8
6172,7
6173,6
6174,6
6175,4
6176,7
6177,6
6178,7
6179,7
6180,7
6181,7
6182,7
6183,7
6184,4
6185,6
6186,4
6187,7
6188,11
6189,4
6190,9
6191,9
6192,7
6193,10
6194,7
6195,7
6196,3
6197,10
6198,10
6199,10
6200,10
6201,4
6202,4
6203,3
6204,10
6205,4
6206,9
6207,10
6208,7
6209,10
6210,7
6211,7
6212,2
6213,3
6214,7
6215,7
6216,3
6217,3
6218,4
6219,7
6220,9
6221,10
6222,4
6223,4
6224,4
6225,9
6226,7
6227,9
6228,8
6229,6
6230,2
6231,7
6232,7
6233,4
6234,4
6235,7
6236,6
6237,0
6238,7
6239,4
6240,4
6241,7
6242,7
6243,4
6244,8
6245,6
6246,4
6247,7
6248,4
6249,5
6250,6
6251,4
6252,10
6253,3
6254,10
6255,6
6256,5
6257,3
6258,8
6259,5
6260,5
6261,7
6262,10
6263,8
6264,6
6265,7
6266,7
6267,8
6268,6
6269,5
6270,7
6271,10
6272,4
6273,12
6274,12
6275,0
6276,10
6277,11
6278,9
6279,2
6280,7
6281,5
6282,5
6283,7
6284,7
6285,3
6286,8
6287,0
6288,8
6289,9
6290,5
6291,7
6292,4
6293,7
6294,11
6295,9
6296,4
6297,6
6298,11
6299,6
6300,6
6301,6
6302,9
6303,7
6304,7
6305,9
6306,4
6307,2
6308,4
6309,10
6310,4
6311,5
6312,4
6313,6
6314,8
6315,6
6316,4
6317,7
6318,10
6319,7
6320,7
6321,10
6322,9
6323,6
6324,6
6325,7
6326,4
6327,10
6328,3
6329,9
6330,4
6331,3
6332,5
6333,4
6334,3
6335,7
6336,4
6337,4
6338,4
6339,11
6340,12
6341,9
6342,8
6343,6
6344,7
6345,10
6346,9
6347,4
6348,2
6349,8
6350,7
6351,4
6352,4
6353,4
6354,7
6355,4
6356,11
6357,9
6358,8
6359,5
6360,3
6361,10
6362,10
6363,10
6364,10
6365,3
6366,2
6367,10
6368,10
6369,2
6370,3
6371,4
6372,3
6373,7
6374,6
6375,4
6376,8
6377,8
6378,6
6379,1
6380,1
6381,1
6382,1
6383,1
6384,1
6385,1
6386,10
6387,10
6388,4
6389,4
6390,12
6391,12
6392,6
6393,4
6394,4
6395,4
6396,1
6397,1
6398,4
6399,1
6400,1
6401,4
6402,4
6403,12
6404,2
6405,5
6406,7
6407,11
6408,4
6409,3
6410,3
6411,3
6412,3
6413,3
6414,5
6415,8
6416,6
6417,5
6418,6
6419,7
6420,11
6421,11
6422,8
6423,4
6424,4
6425,3
6426,3
6427,3
6428,3
6429,3
6430,3
6431,4
6432,2
6433,9
6434,12
6435,9
6436,7
6437,3
6438,9
6439,11
6440,4
6441,7
6442,9
6443,7
6444,11
6445,9
6446,10
6447,9
6448,0
6449,9
6450,3
6451,3
6452,3
6453,3
6454,3
6455,3
6456,3
6457,3
6458,3
6459,9
6460,4
6461,3
6462,3
6463,3
6464,0
6465,4
6466,8
6467,6
6468,8
6469,3
6470,2
6471,8
6472,11
6473,0
6474,9
6475,6
6476,8
6477,6
6478,4
6479,9
6480,7
6481,9
6482,10
6483,12
6484,2
6485,3
6486,3
6487,4
6488,6
6489,6
6490,12
6491,8
6492,6
6493,4
6494,12
6495,4
6496,4
6497,4
6498,10
6499,10
6500,4
6501,3
6502,7
6503,7
6504,12
6505,12
6506,12
6507,10
6508,12
6509,12
6510,6
6511,4
6512,7
6513,7
6514,9
6515,8
6516,4
6517,8
6518,6
6519,10
6520,9
6521,10
6522,4
6523,0
6524,4
6525,12
6526,4
6527,12
6528,0
6529,7
6530,12
6531,9
6532,6
6533,4
6534,6
6535,10
6536,6
6537,4
6538,12
6539,5
6540,9
6541,3
6542,3
6543,11
6544,7
6545,10
6546,6
6547,12
6548,9
6549,9
6550,11
6551,9
6552,6
6553,3
6554,4
6555,4
6556,4
6557,4
6558,4
6559,4
6560,4
6561,4
6562,7
6563,6
6564,7
6565,7
6566,0
6567,12
6568,2
6569,2
6570,4
6571,7
6572,9
6573,10
6574,10
6575,4
6576,4
6577,2
6578,7
6579,2
6580,6
6581,7
6582,7
6583,8
6584,6
6585,3
6586,3
6587,7
6588,7
6589,12
6590,3
6591,4
6592,3
6593,2
6594,3
6595,9
6596,6
6597,10
6598,8
6599,9
6600,6
6601,6
6602,3
6603,4
6604,12
6605,6
6606,6
6607,0
6608,4
6609,8
6610,6
6611,9
6612,4
6613,2
6614,4
6615,7
6616,11
6617,4
6618,3
6619,3
6620,3
6621,3
6622,7
6623,7
6624,2
6625,7
6626,7
6627,3
6628,10
6629,6
6630,3
6631,8
6632,11
6633,2
6634,6
6635,3
6636,9
6637,10
6638,2
6639,10
6640,6
6641,10
6642,1
6643,9
6644,6
6645,6
6646,3
6647,2
6648,4
6649,11
6650,9
6651,6
6652,3
6653,10
6654,6
6655,9
6656,7
6657,3
6658,3
6659,2
6660,10
6661,10
6662,6
6663,12
6664,9
6665,4
6666,7
6667,5
6668,5
6669,12
6670,7
6671,4
6672,2
6673,7
6674,9
6675,12
6676,3
6677,9
6678,12
6679,9
6680,10
6681,9
6682,9
6683,2
6684,0
6685,4
6686,8
6687,2
6688,9
6689,12
6690,10
6691,7
6692,6
6693,3
6694,0
6695,6
6696,9
6697,6
6698,8
6699,4
6700,4
6701,6
6702,8
6703,4
6704,5
6705,7
6706,7
6707,4
6708,4
6709,4
6710,6
6711,5
6712,3
6713,4
6714,3
6715,3
6716,8
6717,7
6718,3
6719,9
6720,9
6721,12
6722,2
6723,2
6724,6
6725,9
6726,4
6727,6
6728,8
6729,8
6730,4
6731,0
6732,8
6733,7
6734,6
6735,8
6736,7
6737,1
6738,4
6739,6
6740,12
6741,7
6742,8
6743,10
6744,4
6745,6
6746,8
6747,12
6748,11
6749,4
6750,6
6751,7
6752,4
6753,4
6754,11
6755,8
6756,6
6757,0
6758,9
6759,4
6760,4
6761,6
6762,11
6763,12
6764,0
6765,4
6766,5
6767,6
6768,4
6769,4
6770,8
6771,10
6772,10
6773,6
6774,4
6775,7
6776,7
6777,6
6778,10
6779,0
6780,1
6781,7
6782,4
6783,8
6784,7
6785,4
6786,7
6787,8
6788,7
6789,4
6790,3
6791,3
6792,8
6793,1
6794,0
6795,7
6796,10
6797,2
6798,3
6799,0
6800,7
6801,11
6802,1
6803,7
6804,4
6805,5
6806,0
6807,8
6808,7
6809,7
6810,10
6811,4
6812,5
6813,4
6814,4
6815,10
6816,2
6817,3
6818,10
6819,4
6820,5
6821,6
6822,2
6823,4
6824,5
6825,4
6826,3
6827,4
6828,7
6829,7
6830,5
6831,11
6832,8
6833,7
6834,11
6835,5
6836,10
6837,5
6838,4
6839,4
6840,4
6841,10
6842,3
6843,11
6844,7
6845,6
6846,8
6847,1
6848,11
6849,4
6850,5
6851,4
6852,1
6853,5
6854,5
6855,1
6856,7
6857,2
6858,11
6859,5
6860,7
6861,4
6862,5
6863,7
6864,4
6865,4
6866,3
6867,4
6868,9
6869,4
6870,4
6871,8
6872,3
6873,8
6874,1
6875,4
6876,6
6877,4
6878,12
6879,8
6880,6
6881,7
6882,10
6883,9
6884,5
6885,8
6886,1
6887,4
6888,2
6889,12
6890,10
6891,8
6892,4
6893,11
6894,8
6895,3
6896,4
6897,4
6898,11
6899,4
6900,3
6901,11
6902,7
6903,4
6904,12
6905,3
6906,7
6907,4
6908,4
6909,1
6910,5
6911,12
6912,3
6913,10
6914,10
6915,4
6916,8
6917,4
6918,4
6919,7
6920,7
6921,8
6922,5
6923,0
6924,11
6925,10
6926,3
6927,8
6928,4
6929,10
6930,4
6931,4
6932,6
6933,1
6934,4
6935,6
6936,10
6937,4
6938,0
6939,8
6940,6
6941,6
6942,5
6943,6
6944,6
6945,10
6946,12
6947,9
6948,2
6949,4
6950,10
6951,1
6952,4
6953,6
6954,7
6955,12
6956,2
6957,10
6958,2
6959,10
6960,6
6961,2
6962,10
6963,3
6964,4
6965,8
6966,2
6967,5
6968,8
6969,3
6970,4
6971,4
6972,7
6973,4
6974,10
6975,7
6976,4
6977,4
6978,12
6979,5
6980,6
6981,0
6982,0
6983,1
6984,4
6985,0
6986,4
6987,4
6988,7
6989,10
6990,4
6991,6
6992,4
6993,7
6994,2
6995,0
6996,7
6997,10
6998,2
6999,5
7000,4
7001,4
7002,8
7003,6
7004,9
7005,8
7006,7
7007,4
7008,10
7009,4
7010,4
7011,12
7012,0
7013,3
7014,9
7015,6
7016,1
7017,1
7018,8
7019,10
7020,5
7021,7
7022,9
7023,4
7024,6
7025,11
7026,2
7027,10
7028,6
7029,7
7030,11
7031,4
7032,3
7033,7
7034,10
7035,10
7036,10
7037,4
7038,10
7039,11
7040,8
7041,5
7042,6
7043,4
7044,1
7045,7
7046,7
7047,4
7048,5
7049,10
7050,7
7051,4
7052,3
7053,5
7054,8
7055,10
7056,12
7057,7
7058,4
7059,5
7060,6
7061,11
7062,2
7063,7
7064,0
7065,7
7066,4
7067,2
7068,10
7069,7
7070,4
7071,11
7072,4
7073,6
7074,10
7075,4
7076,5
7077,11
7078,4
7079,10
7080,4
7081,1
7082,4
7083,5
7084,3
7085,10
7086,11
7087,4
7088,4
7089,6
7090,1
7091,4
7092,4
7093,4
7094,4
7095,12
7096,10
7097,1
7098,2
7099,4
7100,3
7101,4
7102,4
7103,6
7104,7
7105,4
7106,1
7107,4
7108,1
7109,4
7110,12
7111,5
7112,9
7113,4
7114,4
7115,1
7116,6
7117,4
7118,9
7119,10
7120,10
7121,9
7122,11
7123,4
7124,9
7125,4
7126,4
7127,9
7128,10
7129,1
7130,6
7131,0
7132,11
7133,2
7134,4
7135,8
7136,5
7137,1
7138,1
7139,6
7140,11
7141,9
7142,6
7143,6
7144,4
7145,7
7146,4
7147,8
7148,7
7149,12
7150,9
7151,4
7152,4
7153,8
7154,12
7155,4
7156,8
7157,3
7158,4
7159,7
7160,5
7161,4
7162,4
7163,4
7164,0
7165,4
7166,12
7167,4
7168,8
7169,4
7170,4
7171,11
7172,4
7173,7
7174,8
7175,1
7176,8
7177,5
7178,10
7179,11
7180,6
7181,9
7182,4
7183,4
7184,10
7185,1
7186,7
7187,5
7188,6
7189,8
7190,7
7191,8
7192,11
7193,4
7194,4
7195,6
7196,4
7197,5
7198,3
7199,4
7200,1
7201,8
7202,9
7203,4
7204,11
7205,0
7206,7
7207,7
7208,8
7209,7
7210,1
7211,5
7212,4
7213,5
7214,7
7215,7
7216,4
7217,11
7218,1
7219,6
7220,4
7221,12
7222,10
7223,2
7224,4
7225,4
7226,7
7227,11
7228,4
7229,4
7230,10
7231,10
7232,10
7233,4
7234,1
7235,11
7236,3
7237,3
7238,4
7239,5
7240,4
7241,4
7242,10
7243,9
7244,1
7245,7
7246,8
7247,7
7248,11
7249,1
7250,9
7251,4
7252,7
7253,10
7254,4
7255,4
7256,10
7257,7
7258,0
7259,4
7260,12
7261,4
7262,7
7263,9
7264,5
7265,2
7266,7
7267,1
7268,4
7269,11
7270,4
7271,4
7272,4
7273,11
7274,4
7275,7
7276,9
7277,10
7278,8
7279,4
7280,7
7281,8
7282,3
7283,11
7284,8
7285,10
7286,4
7287,4
7288,11
7289,4
7290,4
7291,4
7292,7
7293,2
7294,4
7295,6
7296,4
7297,0
7298,6
7299,9
7300,4
7301,4
7302,3
7303,9
7304,10
7305,8
7306,7
7307,10
7308,4
7309,4
7310,2
7311,2
7312,8
7313,6
7314,7
7315,12
7316,0
7317,4
7318,6
7319,9
7320,3
7321,0
7322,11
7323,4
7324,4
7325,3
7326,4
7327,8
7328,4
7329,10
7330,6
7331,4
7332,7
7333,4
7334,11
7335,5
7336,4
7337,10
7338,4
7339,9
7340,9
7341,10
7342,6
7343,7
7344,4
7345,6
7346,5
7347,6
7348,10
7349,8
7350,8
7351,1
7352,10
7353,1
7354,4
7355,8
7356,8
7357,11
7358,4
7359,10
7360,7
7361,4
7362,7
7363,10
7364,5
7365,4
7366,4
7367,4
7368,4
7369,6
7370,4
7371,4
7372,6
7373,12
7374,4
7375,2
7376,9
7377,4
7378,4
7379,2
7380,4
7381,10
7382,7
7383,4
7384,4
7385,12
7386,8
7387,4
7388,4
7389,1
7390,12
7391,9
7392,8
7393,1
7394,1
7395,4
7396,7
7397,4
7398,4
7399,5
7400,10
7401,8
7402,7
7403,4
7404,4
7405,8
7406,6
7407,1
7408,1
7409,10
7410,12
7411,7
7412,6
7413,6
7414,4
7415,10
7416,9
7417,9
7418,10
7419,8
7420,6
7421,10
7422,9
7423,4
7424,12
7425,9
7426,7
7427,1
7428,8
7429,10
7430,10
7431,6
7432,4
7433,6
7434,1
7435,7
7436,7
7437,4
7438,7
7439,4
7440,5
7441,1
7442,1
7443,9
7444,4
7445,12
7446,3
7447,7
7448,4
7449,2
7450,4
7451,12
7452,9
7453,6
7454,4
7455,4
7456,1
7457,4
7458,7
7459,7
7460,7
7461,4
7462,4
7463,11
7464,10
7465,11
7466,4
7467,10
7468,3
7469,7
7470,4
7471,10
7472,4
7473,7
